Post_Q4,Pre_Q5,Pre_Q37,Pre_Q38,Pre_Q39_1_TEXT,Post_Q31_1,Post_Q31_2,Post_Q31_3,Post_Q31_4,Post_Q31_5,Post_Q32,Post_Q33_1,Post_Q33_2,Post_Q33_3,Post_Q33_4,Post_Q33_5,Post_Q33_6,Post_Q34,Post_Q47,Post_Q48,cluster,Pre_Q38_alt
MC,Junior,Man,Black or African American,20,Somewhat agree,Somewhat disagree,Neither agree nor disagree,Neither agree nor disagree,Somewhat agree,It has made focus more difficult as I adjust to being at home.,Somewhat disagree,Somewhat agree,Neither agree nor disagree,Somewhat agree,Somewhat agree,Somewhat agree,It made the learning more tangible.,7,,black,Black or African American
,Senior,Man,Middle Eastern or North African,23,,,,,,,,,,,,,,,,,Middle Eastern or North African
CSUF,Senior,Man,Middle Eastern or North African,22,Agree,Agree,Strongly agree,Disagree,Agree,COVID-19 has definitly significant effect on this course since it's a lab. I'm trying my best in order to understand how some experiments are done by watching videos and reading articles about them.,Strongly Disagree,Strongly agree,Strongly Disagree,Neither agree nor disagree,Strongly Disagree,Somewhat agree,I felt that such games could very useful for such situations where field learning is not possible. ,10,,,Middle Eastern or North African
MC,Senior,Man,White,21,Somewhat agree,Somewhat agree,Somewhat agree,Somewhat agree,Somewhat agree,A little bit more difficult at times asking teachers questions and retaining info.,Agree,Agree,Agree,Strongly Disagree,Strongly Disagree,Strongly Disagree,Did not go so great,3,n/a,,White
MC,Junior,Prefer not to answer,Prefer not answer,,Neither agree nor disagree,Neither agree nor disagree,Neither agree nor disagree,Neither agree nor disagree,Neither agree nor disagree,n/a,Neither agree nor disagree,Neither agree nor disagree,Neither agree nor disagree,Neither agree nor disagree,Neither agree nor disagree,Neither agree nor disagree,n/a,5,n/a,red,Prefer not answer
CSUF,,,,,Agree,Disagree,Somewhat disagree,Strongly Disagree,Agree,Due to quarantine I have difficulty with online courses because distractions are very accessible making it difficult to focus.,Somewhat agree,Agree,Disagree,Agree,Agree,Agree,It made learning online easier and more interactive.,8,,,
RPI,Junior,Man,Black or African American,25,Strongly agree,Neither agree nor disagree,Neither agree nor disagree,Neither agree nor disagree,Strongly agree,"It has taken away the hands on experience of performing labs, which takes away a lot of the insight about the theries we learn about.",Neither agree nor disagree,Neither agree nor disagree,Disagree,Strongly agree,Strongly agree,Somewhat agree,The VE was a good break from the normal online learning experience.,8,,black,Black or African American
MC,Junior,Man,Middle Eastern or North African,21,Neither agree nor disagree,Neither agree nor disagree,Neither agree nor disagree,Neither agree nor disagree,Neither agree nor disagree,Not much ,Neither agree nor disagree,Neither agree nor disagree,Neither agree nor disagree,Neither agree nor disagree,Neither agree nor disagree,Neither agree nor disagree,Not much ,9,Fun activity ,red,Middle Eastern or North African
RPI,Junior,Woman,White,20,Somewhat disagree,Somewhat agree,Somewhat disagree,Somewhat agree,Somewhat agree,"Being at home indoors all day forced me to do school work, so I was more focused. However, I didn't enjoy doing group projects over Webex.",Somewhat disagree,Somewhat agree,Somewhat disagree,Somewhat agree,Somewhat disagree,Somewhat agree,The VE definitely was a fun alternative to the other online lectures form of learning.,7,,red,White
,Senior,Man,"Hispanic, Latino or Spanish Origin",23,,,,,,,,,,,,,,,,,"Hispanic, Latino or Spanish Origin"
CSUF,Senior,Man,"Hispanic, Latino or Spanish Origin",22,,,,,,,,,,,,,,8,,,"Hispanic, Latino or Spanish Origin"
CSUF,Junior,Woman,Asian,22,Strongly agree,Strongly agree,Strongly agree,Strongly agree,Strongly agree,Not positively. ,Agree,Strongly agree,Agree,Agree,Agree,Agree,It helped me understand geotechnical engineering from a different perspective,10,N/A,green,Asian
MC,Junior,Man,White,21,Agree,Agree,Agree,Strongly Disagree,Agree,Too much work out of class ,Strongly Disagree,Strongly Disagree,Neither agree nor disagree,Somewhat agree,Somewhat agree,Agree,VE did not work on my computer ,1,The program did not work on my mac computer. I could login and get to the truck but could not pull up phone to choose a mission.,,White
RPI,Sophomore,Woman,White,19,Agree,Disagree,Somewhat disagree,Somewhat disagree,Agree,I find it harder to watch lectures and retain information.,Disagree,Somewhat agree,Somewhat disagree,Strongly agree,Strongly agree,Agree,It was nice to get away from everything and have a specific task to focus on and complete.,8,,black,White
,Senior,Woman,Asian,21,,,,,,,,,,,,,,,,,Asian
CSUF,,,,,Neither agree nor disagree,Neither agree nor disagree,Neither agree nor disagree,Neither agree nor disagree,Neither agree nor disagree,N/A,Neither agree nor disagree,Neither agree nor disagree,Neither agree nor disagree,Neither agree nor disagree,Neither agree nor disagree,Neither agree nor disagree,N/A,1,"make sure the application is compatible with MAC software. Although it had an option to download on MAC, it didn't work.",red,
MC,Junior,Man,Middle Eastern or North African,20,Agree,Somewhat disagree,Somewhat disagree,Somewhat disagree,Somewhat disagree,Lack of focus with everything,Somewhat disagree,Neither agree nor disagree,Neither agree nor disagree,Neither agree nor disagree,Neither agree nor disagree,Somewhat disagree,not very relevant,7,:D,blue,Middle Eastern or North African
CSUF,Senior,Man,White,23,Somewhat disagree,Neither agree nor disagree,Neither agree nor disagree,Neither agree nor disagree,Somewhat disagree,Not really. ,Somewhat disagree,Neither agree nor disagree,Disagree,Somewhat disagree,Disagree,Neither agree nor disagree,Helped A lot with visualization  ,8,It is a great method to deliver the idea clearly ,red,White
CSUF,Senior,Man,"Hispanic, Latino or Spanish Origin,Middle Eastern or North African",25,,,,,,,,,,,,,,8,,,Multi
CSUF,,,,,,,,,,,,,,,,,,9,,,
MC,Junior,Man,White,25,Agree,Neither agree nor disagree,Somewhat agree,Somewhat disagree,Agree,"It is more difficult to stay focused when learning at home. Also, without physically performing the labs we are missing out on alot of practical knowledge.",Somewhat agree,Somewhat disagree,Neither agree nor disagree,Disagree,Disagree,Disagree,Neutral,7,,red,White
MC,,,,,Agree,Somewhat disagree,Somewhat agree,Neither agree nor disagree,Strongly agree,It slowed it greatly,Strongly Disagree,Somewhat disagree,Disagree,Strongly Disagree,Disagree,Strongly Disagree,It was difficult to download but interesting,7,,,
,Senior,Man,"Asian,Hispanic, Latino or Spanish Origin,White",22,,,,,,,,,,,,,,,,,Multi
,Junior,Man,"Asian,White",24,,,,,,,,,,,,,,,,,"Asian,White"
,Senior,Man,Black or African American,,,,,,,,,,,,,,,,,,Black or African American
RPI,Sophomore,Man,White,20,Somewhat agree,Somewhat agree,Somewhat disagree,Somewhat disagree,Somewhat agree,I've always been a much better learner in environments similar to lecture and lab rather than in an online format. It's been challenging to find the motivation to actually learn the material. ,Disagree,Somewhat agree,Neither agree nor disagree,Agree,Somewhat agree,Agree,It was a unique experience that felt like a lab that we would do at school. Visualizing and partaking in the CPT test helped strengthen my understanding of the topics covered in lecture.,7,,black,White
MC,Junior,Man,"Hispanic, Latino or Spanish Origin",21,Neither agree nor disagree,Neither agree nor disagree,Neither agree nor disagree,Neither agree nor disagree,Neither agree nor disagree,Having to go to online courses,Neither agree nor disagree,Neither agree nor disagree,Neither agree nor disagree,Neither agree nor disagree,Neither agree nor disagree,Neither agree nor disagree,Can do things that would of been done outside,7,,red,"Hispanic, Latino or Spanish Origin"
RPI,Junior,Man,White,25,Agree,Neither agree nor disagree,Neither agree nor disagree,Somewhat disagree,Somewhat agree,It's one of the courses I'm most confident in so I didn't focus on it as much as others. | POST2: I haven't focused on it as much since some of my other classes were much more difficult online than this one.,Neither agree nor disagree,Somewhat agree,Somewhat disagree,Somewhat agree,Neither agree nor disagree,Somewhat agree,At home in my own time. | POST2: I played it at my home on my laptop.,9,POST2: I think it is very well done but needs some bug fixes during the setup of the CPT portion.,black,White
MC,Junior,Man,"Hispanic, Latino or Spanish Origin",20,Strongly agree,Disagree,Neither agree nor disagree,Disagree,Strongly agree,Can't effectively learn how to be an engineer online,Neither agree nor disagree,Neither agree nor disagree,Neither agree nor disagree,Neither agree nor disagree,Neither agree nor disagree,Neither agree nor disagree,Just like any other game I have played. The concept was interesting though,7,,blue,"Hispanic, Latino or Spanish Origin"
RPI,Sophomore,Woman,"Hispanic, Latino or Spanish Origin",19,Agree,Neither agree nor disagree,Somewhat disagree,Neither agree nor disagree,Neither agree nor disagree,Harder time to dedicate a time to learn and have other distractions,Disagree,Agree,Strongly Disagree,Agree,Agree,Strongly agree,I learn and retain more information with examples and real life demonstrations which is harder online but the game really helped and will make me retain the information better,9,,black,"Hispanic, Latino or Spanish Origin"
RPI,Sophomore,Man,"Hispanic, Latino or Spanish Origin",20,Agree,Disagree,Neither agree nor disagree,Disagree,Somewhat agree,"I feel less motivated in doing my work, my morale has definitely taken a hit. I also don't have a proper study space at home and it's difficult to concentrate.",Somewhat disagree,Somewhat agree,Somewhat disagree,Agree,Agree,Agree,"I liked it, it felt much more interactive and interesting. ",6,,black,"Hispanic, Latino or Spanish Origin"
,Sophomore,Man,White,19,,,,,,,,,,,,,,,,,White
RPI,Sophomore,Man,White,20,Agree,Neither agree nor disagree,Somewhat disagree,Somewhat disagree,Somewhat disagree,"The current crisis has impacted me mainly in the form of not being abe to go to the lab anymore, as well as not being able to take part in field trips.",Strongly Disagree,Neither agree nor disagree,Disagree,Somewhat agree,Somewhat agree,Somewhat agree,I experienced it as a nice way to be able to simulate the fied work in a way that is accurate and engaging.,9,,black,White
MC,Junior,Man,"Middle Eastern or North African,White",20,Strongly agree,Strongly Disagree,Strongly agree,Strongly agree,Somewhat agree,Professors began assigning extra amounts of work. Often stressful for students.,Neither agree nor disagree,Neither agree nor disagree,Neither agree nor disagree,Neither agree nor disagree,Neither agree nor disagree,Neither agree nor disagree,Good,10,,,"Middle Eastern or North African,White"
MC,Junior,Man,Prefer not answer,,Strongly agree,Disagree,Strongly Disagree,Strongly Disagree,Strongly agree,Very hard to learn. Much better being in an environment to only learn.,Disagree,Disagree,Somewhat agree,Strongly Disagree,Strongly Disagree,Strongly Disagree,Again. It's not the same.,6,None,,Prefer not answer
RPI,Sophomore,Woman,"Hispanic, Latino or Spanish Origin",19,Strongly agree,Strongly Disagree,Strongly Disagree,Strongly Disagree,Strongly agree,"I feel zero motivation to perform my school work, I'm very anxious all the time which doesn't allow me to do any work or pleasant activity.",Somewhat disagree,Strongly Disagree,Strongly agree,Strongly Disagree,Strongly Disagree,Strongly Disagree,"I did not enjoy my time while using the VE, as it was not clear what I had to do, and I had no clue on how achieve my tasks.",4,"I thought that this activity was going to be fun and was even excited about doing it, but I got very frustrated with the VE very quickly. I was not very clear what we had to do and have to improve. Driving the truck was very challenging as well and more in the sharp turns.",,"Hispanic, Latino or Spanish Origin"
JSU,,,,,Neither agree nor disagree,Neither agree nor disagree,Neither agree nor disagree,Neither agree nor disagree,Neither agree nor disagree,Wasn‚Äôt able to use it ,Neither agree nor disagree,Neither agree nor disagree,Neither agree nor disagree,Neither agree nor disagree,Somewhat disagree,Neither agree nor disagree,Wasn‚Äôt able to  use it ,5,,red,
,Junior,Woman,White,20,,,,,,,,,,,,,,,,,White
RPI,Sophomore,Woman,White,19,Agree,Disagree,Somewhat agree,Somewhat agree,Agree,I've just lacked all motivation being on my own. Nothing is fun. ,Somewhat agree,Somewhat agree,Disagree,Strongly agree,Strongly agree,Strongly agree,It was a fun activity to wrap up the semester! I enjoyed the casual aspect of learning. ,8,,black,White
,Junior,Man,White,20,,,,,,,,,,,,,,,,,White
CSUF,Junior,Woman,"Hispanic, Latino or Spanish Origin",20,Strongly agree,Disagree,Disagree,Disagree,Agree,hard to time manage,Agree,Neither agree nor disagree,Somewhat agree,Disagree,Disagree,Neither agree nor disagree,I like the idea but the graphics don't catch my eye. Also the story should be presented more realistically.  ,4,"it has potential but its 2020.... not 2000. If the game isn't up to standards of what games are nowadays, students won't be enticed to put in effort to the game.",blue,"Hispanic, Latino or Spanish Origin"
RPI,Sophomore,Woman,White,20,Neither agree nor disagree,Neither agree nor disagree,Somewhat agree,Neither agree nor disagree,Neither agree nor disagree,We completed this course because of the online learning,Somewhat disagree,Somewhat disagree,Somewhat agree,Somewhat disagree,Somewhat disagree,Somewhat agree,Last assignment of the semester for my online class so kind of wanted to just get through it ,4,,red,White
NYU,Junior,Man,"Hispanic, Latino or Spanish Origin",22,Neither agree nor disagree,Somewhat agree,Somewhat agree,Neither agree nor disagree,Somewhat agree,My current home doesn't provide the best learning environment.,Somewhat disagree,Somewhat agree,Disagree,Agree,Neither agree nor disagree,Agree,It feel no different than if it were in a class,10,"Due to the obstacle computing power may present to this software, I would suggest looking into services like GeForce Now. They stream games to the individual, but because it is cloud-based streaming the computing required is that of the stream a video not playing a game",black,"Hispanic, Latino or Spanish Origin"
,Junior,Woman,"Hispanic, Latino or Spanish Origin",20,,,,,,,,,,,,,,,,,"Hispanic, Latino or Spanish Origin"
CSUF,Senior,Woman,"Hispanic, Latino or Spanish Origin",22,Somewhat agree,Neither agree nor disagree,Somewhat agree,Somewhat disagree,Somewhat disagree,It gives me a difficult time to focus.,Somewhat agree,Somewhat agree,Neither agree nor disagree,Somewhat agree,Somewhat agree,Somewhat agree,It gave me more of the reality expierence.,7,,black,"Hispanic, Latino or Spanish Origin"
NYU,Junior,Man,"Black or African American,Hispanic, Latino or Spanish Origin",20,Agree,Neither agree nor disagree,Somewhat agree,Neither agree nor disagree,Disagree,It is much easier to get distracted as everything is online and I can simply get up and do other things such as using my phone. ,Strongly Disagree,Agree,Strongly Disagree,Agree,Neither agree nor disagree,Strongly agree,It took the place of a regular lab. It was something new and more entertaining than what we were doing it in the previous weeks. In the previous weeks we were just analyzing data without really understanding how it was obtained as we couldn't conduct labs. The VE allowed us to actually see how the data was collected and allowed us to analyze it. ,9,It could be worthwhile to implement other tests that might be conducted in the field. ,black,Multi
,Sophomore,Man,Black or African American,,,,,,,,,,,,,,,,,,Black or African American
NYU,Senior,Man,Asian,22,Somewhat agree,Neither agree nor disagree,Somewhat disagree,Somewhat agree,Somewhat agree,The lecture portion of this course is lacking due to having an online experience. The virtual environment is essentially the same experience even during this crisis since it is based on a downloaded software.,Disagree,Somewhat agree,Somewhat disagree,Agree,Somewhat agree,Agree,Not much is different for me since I can easily download and play the software at the comfort of my own home.,7,This was an enjoyable experience. I hope to see more virtual environments such as this one for other courses as a novel learning experience.,black,Asian
CSUF,Junior,Man,"Hispanic, Latino or Spanish Origin",26,,,,,,,,,,,,,,7,,,"Hispanic, Latino or Spanish Origin"
CSUF,Senior,Man,Middle Eastern or North African,,,,,,,,,,,,,,,,,,Middle Eastern or North African
RPI,Sophomore,Man,Middle Eastern or North African,20,Strongly agree,Strongly Disagree,Somewhat agree,Somewhat agree,Agree,Being at home with my family has heavily distracted my learning and has taken away the resources I had available in order to focus while on campus,Strongly Disagree,Somewhat agree,Strongly Disagree,Strongly agree,Somewhat agree,Somewhat agree,It was a fun and educational activity that was relevant to the course work I had prior and was a nice escape from the slight tedium of attending online lectures to get information to leaving campus,9,,,Middle Eastern or North African
,Junior,Woman,White,21,,,,,,,,,,,,,,,,,White
RPI,Sophomore,Man,White,20,Somewhat agree,Neither agree nor disagree,Strongly agree,Strongly agree,Somewhat agree,Not too much impact.,Strongly Disagree,Strongly agree,Strongly agree,Strongly agree,Strongly agree,Strongly agree,Very fun and informative learning tool.,10,-,green,White
MC,Junior,Prefer not to answer,Middle Eastern or North African,20,Neither agree nor disagree,Neither agree nor disagree,Neither agree nor disagree,Neither agree nor disagree,Neither agree nor disagree,it made it so much worse,Neither agree nor disagree,Neither agree nor disagree,Neither agree nor disagree,Neither agree nor disagree,Neither agree nor disagree,Neither agree nor disagree,i used the program ,5,,red,Middle Eastern or North African
RPI,Junior,Man,"Hispanic, Latino or Spanish Origin",20,Strongly agree,Somewhat disagree,Somewhat disagree,Somewhat disagree,Strongly agree,Made everything more difficult. ,Strongly agree,Strongly agree,Strongly agree,Strongly agree,Strongly agree,Strongly agree,It was okay,8,,black,"Hispanic, Latino or Spanish Origin"
RPI,Sophomore,Woman,"Asian,South Asian",20,Strongly agree,Somewhat disagree,Somewhat disagree,Somewhat disagree,Agree,"No access to grocery stores or food that meet dietary restrictions in them, stressful work load, more responsibilities, financial burdens",Neither agree nor disagree,Somewhat agree,Neither agree nor disagree,Somewhat agree,Somewhat agree,Somewhat agree,This was an extension of the basic definition of what a cone penetration test would be like and it was very fun,8,"It was hard to drive around bends, perhaps a tutorial on driving may be beneficial",black,"Asian,South Asian"
MC,Junior,Man,Prefer not answer,21,Strongly agree,Somewhat disagree,Somewhat disagree,Somewhat disagree,Somewhat agree,it has caused some trouble,Neither agree nor disagree,Neither agree nor disagree,Somewhat disagree,Somewhat agree,Neither agree nor disagree,Neither agree nor disagree,not much,5,,blue,Prefer not answer
RPI,Sophomore,Woman,White,19,Strongly agree,Disagree,Somewhat disagree,Disagree,Strongly agree,"I need to be in a classroom environment to learn. I am more focused that way and I also rely on a schedule, and that has been hard to keep.",Disagree,Somewhat agree,Somewhat disagree,Neither agree nor disagree,Neither agree nor disagree,Somewhat agree,I think the VE was a good way to learn about the methods.,7,,blue,White
,Junior,Man,"Hispanic, Latino or Spanish Origin",21,,,,,,,,,,,,,,,,,"Hispanic, Latino or Spanish Origin"
NYU,Junior,Man,"Hispanic, Latino or Spanish Origin",21,Strongly agree,Somewhat agree,Strongly Disagree,Somewhat agree,Strongly agree,"This course is meant to be hands on. Without the lab component, many concepts are not fully learned in my opinion.  ",Neither agree nor disagree,Neither agree nor disagree,Disagree,Strongly Disagree,Strongly Disagree,Neither agree nor disagree,It was nice to do something different for lab. ,8,Explain the scoring more. ,,"Hispanic, Latino or Spanish Origin"
RPI,Sophomore,Woman,White,20,Strongly agree,Strongly Disagree,Strongly Disagree,Strongly Disagree,Strongly agree,I have no motivation to do anything. I spend all day in the same room at the same desk trying to finish my work. I never go outside and I only talk to my family as my source of social interaction. My productivity as well as my quality has gone down immensely after moving off campus and having classes online. I am also in a different time zone so that adds to the difficulties.,Disagree,Agree,Somewhat disagree,Strongly agree,Strongly agree,Somewhat agree,I thought it was fun and interesting. No pressure involved.,9,Driving the truck is hard!!,,White
RPI,Sophomore,Man,White,,Neither agree nor disagree,Neither agree nor disagree,Neither agree nor disagree,Neither agree nor disagree,Neither agree nor disagree,"IT has made it over all much worse, online learning is terrible. ",Neither agree nor disagree,Neither agree nor disagree,Neither agree nor disagree,Neither agree nor disagree,Neither agree nor disagree,Neither agree nor disagree,"not sure, am very confused on whats correct to do",1,,red,White
MC,Junior,Prefer not to answer,Prefer not answer,,Neither agree nor disagree,Neither agree nor disagree,Neither agree nor disagree,Neither agree nor disagree,Neither agree nor disagree,no hands on is really hurting my grasp of concepts,Neither agree nor disagree,Neither agree nor disagree,Neither agree nor disagree,Neither agree nor disagree,Neither agree nor disagree,Neither agree nor disagree,it was a fun break from lab lectures,7,,red,Prefer not answer
,Senior,Man,Asian,20,,,,,,,,,,,,,,,,,Asian
JSU,Junior,Man,White,22,Strongly agree,Somewhat agree,Somewhat agree,Neither agree nor disagree,Agree,I personally do not like online classes.,Somewhat disagree,Agree,Somewhat disagree,Agree,Agree,Agree,It replaced one of our labs.,8,,black,White
MC,Junior,Woman,"Hispanic, Latino or Spanish Origin",21,Strongly agree,Somewhat disagree,Somewhat disagree,Neither agree nor disagree,Somewhat disagree,"Online learning can work if professors didn't look at online learning as ""students have more time."" Students have more distractions",Neither agree nor disagree,Neither agree nor disagree,Neither agree nor disagree,Neither agree nor disagree,Neither agree nor disagree,Neither agree nor disagree,Couldn't do it due to technical problems,4,Activity needs to be improved for apple products ,blue,"Hispanic, Latino or Spanish Origin"
MC,Junior,Woman,White,20,Agree,Somewhat disagree,Strongly Disagree,Disagree,Agree,"Harder for me to concentrate when my professor cannot see me in person, I get easily distracted ",Somewhat disagree,Somewhat disagree,Neither agree nor disagree,Somewhat disagree,Somewhat disagree,Somewhat disagree,"At first it was more of a hassle to make sure the program was working correctly, It was a nice change of pace however",6,,,White
RPI,Sophomore,Woman,White,20,Strongly agree,Strongly Disagree,Strongly Disagree,Strongly Disagree,Agree,"Personally, online learning does not work for me. My professors are doing the best they can but this is just a personal learning issue for me. ",Somewhat disagree,Somewhat disagree,Somewhat disagree,Somewhat agree,Somewhat disagree,Somewhat agree,It was fun but really didn't have that much of an impact. ,6,It was a little tedious. ,,White
RPI,Sophomore,Man,Asian,19,Strongly agree,Disagree,Disagree,Disagree,Somewhat agree,It is much harder to focus on things related to school. I have trouble concentrating and finding motivation in my home environment.,Strongly Disagree,Agree,Disagree,Agree,Somewhat agree,Agree,"It was a refreshing way to learn the material, it was also a good insight into how CPT tests are performed in real life.",8,,black,Asian
RPI,Sophomore,Prefer not to answer,Prefer not answer,,Agree,Disagree,Somewhat agree,Strongly Disagree,Agree,It has made it difficult to stay on track and really absorb the material,Neither agree nor disagree,Neither agree nor disagree,Neither agree nor disagree,Neither agree nor disagree,Neither agree nor disagree,Neither agree nor disagree,"I liked it, it was fun.  I think of it as a supplemental learning material to either classroom or online learning",10,,,Prefer not answer
MC,Junior,Man,"Hispanic, Latino or Spanish Origin",21,Strongly agree,Strongly agree,Strongly agree,Strongly agree,Strongly agree,It has impacted my learning because virtual learning wastes unnecessary time so we learn less and some things werent possible for the professors to do that would've helped us learn more.,Neither agree nor disagree,Neither agree nor disagree,Neither agree nor disagree,Neither agree nor disagree,Neither agree nor disagree,Neither agree nor disagree,None at all,9,,red,"Hispanic, Latino or Spanish Origin"
MC,Junior,Man,"Hispanic, Latino or Spanish Origin",20,Agree,Agree,Somewhat agree,Agree,Agree,Harder do pay attention. A lot of distractions.,Strongly agree,Agree,Agree,Strongly agree,Agree,Strongly agree,"Made it fun, considering i have to be in my computer anyways",8,,green,"Hispanic, Latino or Spanish Origin"
,Junior,Man,"American Indian or Alaska Native,Black or African American",,,,,,,,,,,,,,,,,,"American Indian or Alaska Native,Black or African American"
JSU,,,,,Agree,Somewhat agree,Strongly Disagree,Neither agree nor disagree,Somewhat agree,It took away my hands on learining experiment and being able to ask questions frequently.,Neither agree nor disagree,Neither agree nor disagree,Neither agree nor disagree,Neither agree nor disagree,Neither agree nor disagree,Neither agree nor disagree,Playing it just seem as any other game.,6,,,
,Junior,Man,White,,,,,,,,,,,,,,,,,,White
JSU,Senior,Woman,Black or African American,22,Agree,Disagree,Strongly Disagree,Disagree,Somewhat agree,"I am a hands on learner, and its been very difficult adjusting to online",Agree,Disagree,Somewhat agree,Neither agree nor disagree,Neither agree nor disagree,Disagree,very confusing,5,,,Black or African American
,Junior,Man,White,28,,,,,,,,,,,,,,,,,White
JSU,Junior,Woman,Black or African American,22,Somewhat disagree,Neither agree nor disagree,Disagree,Somewhat disagree,Agree,It didn‚Äôt real impact my learn experience on the VE but for my class it did a little.,Somewhat disagree,Somewhat agree,Disagree,Agree,Neither agree nor disagree,Neither agree nor disagree,It was good,8,,black,Black or African American
JSU,Junior,Man,Black or African American,22,,,,,,,,,,,,,,,,,Black or African American
JSU,Senior,Man,Black or African American,22,,,,,,,,,,,,,,,,,Black or African American
JSU,Senior,Woman,Black or African American,22,,,,,,,,,,,,,,,,,Black or African American
JSU,Senior,Man,Black or African American,,Agree,Neither agree nor disagree,Agree,Agree,Agree,My learning experience has been awful,Somewhat agree,Somewhat agree,Agree,Agree,Somewhat agree,Somewhat agree,It helped in somewhat way,6,,green,Black or African American
JSU,Junior,Man,Black or African American,21,,,,,,,,,,,,,,,,,Black or African American
JSU,Junior,Man,Black or African American,21,Disagree,Agree,Somewhat agree,Somewhat agree,Disagree,it has gave me more time to go over material,Disagree,Somewhat agree,Somewhat disagree,Neither agree nor disagree,Somewhat agree,Neither agree nor disagree,i was able to really concentrate on VE,10,n/a,red,Black or African American
JSU,Junior,Woman,"Black or African American,Hispanic, Latino or Spanish Origin",21,,,,,,,,,,,,,,,,,"Black or African American,Hispanic, Latino or Spanish Origin"
NYU,Junior,Man,"Hispanic, Latino or Spanish Origin",20,Somewhat agree,Somewhat disagree,Neither agree nor disagree,Neither agree nor disagree,Neither agree nor disagree,It's been difficult to pay attention since the course is the last one of the day and I am more tempted to just take a break.,Disagree,Somewhat agree,Disagree,Strongly agree,Neither agree nor disagree,Strongly agree,"It was an interesting way to learn, it was somewhat enjoyable. ",8,N/A,black,"Hispanic, Latino or Spanish Origin"
NYU,Junior,Man,"Hispanic, Latino or Spanish Origin",20,Agree,Agree,Somewhat disagree,Somewhat agree,Somewhat agree,I spend my time worrying about my personal life rather than concentrate on classwork.,Disagree,Somewhat disagree,Disagree,Agree,Strongly agree,Strongly agree,The VE was a much more interesting way to learn about CPT tests although it still requires lectures.,7,,black,"Hispanic, Latino or Spanish Origin"
CSUF,Senior,Man,"Hispanic, Latino or Spanish Origin",22,Agree,Neither agree nor disagree,Disagree,Disagree,Agree,I believe that due to the COVID it has impacted the my learning experience because the hands on activity would help understand certain aspects of the class. ,Somewhat agree,Neither agree nor disagree,Neither agree nor disagree,Neither agree nor disagree,Neither agree nor disagree,Disagree,I believe that this was just another assignment i had to complete for the course it really didn't distract me from  anything goin goin in the world ,6,the program was running a bit slow which made it a bit difficult to complete the activity in a timeline manner. as will as sometime you would complete a activity and then continue to the next step and would not complete the previous step or give you points. ,blue,"Hispanic, Latino or Spanish Origin"
MC,Senior,Man,White,30,Strongly Disagree,Strongly Disagree,Strongly Disagree,Strongly Disagree,Strongly Disagree,a lot,Strongly Disagree,Strongly Disagree,Strongly Disagree,Strongly Disagree,Strongly Disagree,Strongly Disagree,good,1,not fun,,White
JSU,,,,,Disagree,Neither agree nor disagree,Agree,Neither agree nor disagree,Strongly agree,"Since classes had to move online, it has made concentration and work more difficult.",Disagree,Agree,Strongly Disagree,Strongly agree,Disagree,Strongly agree,I had to use other means to use the VE since this pandemic occurred.,10,,black,
CSUF,Senior,Woman,Asian,25,Neither agree nor disagree,Neither agree nor disagree,Neither agree nor disagree,Neither agree nor disagree,Neither agree nor disagree,I miss going outside ,Neither agree nor disagree,Neither agree nor disagree,Neither agree nor disagree,Neither agree nor disagree,Neither agree nor disagree,Neither agree nor disagree,"It's been tough to really concentrate on work, etc. ",6,None!,red,Asian
MC,Junior,Man,White,21,Strongly agree,Disagree,Disagree,Disagree,Disagree,it sucks,Neither agree nor disagree,Neither agree nor disagree,Neither agree nor disagree,Neither agree nor disagree,Neither agree nor disagree,Neither agree nor disagree,it didnt,3,,blue,White
MC,Junior,Man,Black or African American,,Somewhat agree,Somewhat agree,Neither agree nor disagree,Somewhat agree,Somewhat agree,It has been hard to grasp different and new topics,Neither agree nor disagree,Somewhat agree,Somewhat agree,Neither agree nor disagree,Neither agree nor disagree,Neither agree nor disagree,it is a useful tool that can be used in a time like this where people cant be in the field or a lab but still need to learn,7,,red,Black or African American
CSUF,Senior,Man,"Hispanic, Latino or Spanish Origin",21,,,,,,,,,,,,,,7,The controls were inconsistent at times and would make me have to restart an activity or have to restart the game entirely ,,"Hispanic, Latino or Spanish Origin"
CSUF,Senior,Man,"Hispanic, Latino or Spanish Origin",21,,,,,,,,,,,,,,8,I thought it was a wonderful experience and more students should use it,,"Hispanic, Latino or Spanish Origin"
CSUF,Junior,Man,"Hispanic, Latino or Spanish Origin",23,Agree,Neither agree nor disagree,Neither agree nor disagree,Somewhat disagree,Agree,The COVID-19 crisis impacted me because of all of this online transitioning has me all over the place. It is somewhat hard to concentrate online due to the fact that you can get easily distracted with other online websites.,Disagree,Agree,Disagree,Agree,Agree,Agree,The VE experience was great for me because I was learning at the same time I was playing the game.,10,I love the game.,black,"Hispanic, Latino or Spanish Origin"
NYU,Junior,Man,White,21,Strongly agree,Neither agree nor disagree,Neither agree nor disagree,Neither agree nor disagree,Neither agree nor disagree,N.A,Neither agree nor disagree,Neither agree nor disagree,Neither agree nor disagree,Neither agree nor disagree,Neither agree nor disagree,Neither agree nor disagree,N.A,10,"Good activity, survey is too long",red,White
NYU,Junior,Man,Asian,20,Somewhat agree,Disagree,Disagree,Disagree,Somewhat disagree,"I'm alone in my apartment in Manhattan, and the solitude is getting to me. Getting lost in thoughts and getting distracted from work. ",Somewhat agree,Somewhat agree,Somewhat disagree,Somewhat agree,Disagree,Somewhat agree,it definitely helped replace the in-person instruction well in my opinion,6,"The controls in the game are a little wonky, and more instructions could be provided for the pre analysis.",blue,Asian
CSUF,Senior,Woman,White,21,Strongly agree,Strongly Disagree,Neither agree nor disagree,Disagree,Agree,Took a toll on my mental health which then affected my ability to learn. I feel like I have to work twice as hard now to simply understand the material and I have to push myself to set aside an appropriate amount of time to focus on the material.,Disagree,Agree,Somewhat disagree,Agree,Agree,Agree,"Compared to other courses, this one was definetly easier to push myself to partake in, probably because it gave me an activity that I was required to fully engage in and participate.. ",7,"I feel like it would be useful to provide more information in the game, maybe in an optional way people can seek out. ",,White
CSUF,Junior,Woman,"Asian,Native Hawaiian or Other Pacific Islander",22,Neither agree nor disagree,Neither agree nor disagree,Somewhat agree,Somewhat agree,Neither agree nor disagree,"In general, the COVID-19 crisis mainly adds to the stress I am already experiencing from normal schoolwork.",Neither agree nor disagree,Neither agree nor disagree,Disagree,Neither agree nor disagree,Somewhat disagree,Strongly agree,"The class is unable to do the lab in person, but the VE served as a good substitute.",8,I did not like the driving portion. The controls were a bit unreliable and it was frustrating when the entire grade is impacted because of bumping into something once.,red,"Asian,Native Hawaiian or Other Pacific Islander"
CSUF,Senior,Man,White,25,,,,,,,,,,,,,,,,,White
MC,Junior,Man,"Asian,Native Hawaiian or Other Pacific Islander",20,Neither agree nor disagree,Neither agree nor disagree,Somewhat agree,Neither agree nor disagree,Somewhat agree,It is very hard to do engineering classes with an online format.,Somewhat agree,Neither agree nor disagree,Somewhat agree,Neither agree nor disagree,Somewhat agree,Neither agree nor disagree,It was okay.,7,N/A,red,"Asian,Native Hawaiian or Other Pacific Islander"
MC,Junior,Man,White,24,Strongly agree,Disagree,Disagree,Disagree,Agree,it is much more difficult to pay attention when learning from home,Neither agree nor disagree,Neither agree nor disagree,Neither agree nor disagree,Neither agree nor disagree,Neither agree nor disagree,Neither agree nor disagree,i was not able to access VE,2,,blue,White
CSUF,Senior,Man,"Hispanic, Latino or Spanish Origin",,,,,,,,,,,,,,,9,,,"Hispanic, Latino or Spanish Origin"
JSU,,,,,Neither agree nor disagree,Neither agree nor disagree,Neither agree nor disagree,Neither agree nor disagree,Neither agree nor disagree,Hard,Neither agree nor disagree,Neither agree nor disagree,Neither agree nor disagree,Somewhat agree,Neither agree nor disagree,Neither agree nor disagree,Hard ,5,Hard,red,
RPI,Junior,Woman,White,20,Agree,Somewhat disagree,Somewhat disagree,Agree,Somewhat disagree,It has made the applications of the labs a lot more difficult to understand since we aren't doing them.,Somewhat agree,Somewhat agree,Somewhat disagree,Somewhat agree,Somewhat agree,Somewhat agree,didn't change anything,8,,black,White
NYU,Junior,Woman,Black or African American,20,Strongly agree,Somewhat disagree,Somewhat agree,Somewhat agree,Somewhat agree,Completing tests online for this course is really not ideal and more stress inducing compared to my other courses.,Strongly Disagree,Strongly agree,Somewhat disagree,Somewhat agree,Somewhat agree,Somewhat agree,It was a great replacement for one our labs that was suppose to be an in-person lab demonstration. I would remember this more than a demonstration.,6,Clarify the steps after the completion of the CPT test in order to get the boss to call you. Or the results of the CPT test should pop up after you conduct it.,black,Black or African American
CSUF,Senior,Man,Asian,22,Neither agree nor disagree,Neither agree nor disagree,Somewhat disagree,Somewhat disagree,Somewhat agree,"Being unable to use the resources on campus, which has already been paid in full within the tuition costs, greatly affected my learning experience. I do not and cannot personally provide myself all of the resources necessary to complete the all assignments to the best of my abilities. ",Neither agree nor disagree,Neither agree nor disagree,Neither agree nor disagree,Neither agree nor disagree,Neither agree nor disagree,Neither agree nor disagree,"I could not actually play the activity myself since my laptop froze when I got to the same point in the activity, which was trying to obtain data from the CPT. ",5,The activity needs to be updated to support Apple users more.,blue,Asian
RPI,Sophomore,Man,White,19,Strongly agree,Strongly agree,Neither agree nor disagree,Neither agree nor disagree,Somewhat disagree,"With classes moving online, it has become harder to focus and be apart of a learning community.",Disagree,Agree,Disagree,Agree,Agree,Agree,It was a nice change of pace.,8,"Program was buggy, but overall well built and designed.",black,White
MC,Junior,Man,White,21,Agree,Somewhat disagree,Somewhat disagree,Somewhat disagree,Somewhat disagree,Made it very challenging.,Neither agree nor disagree,Neither agree nor disagree,Neither agree nor disagree,Neither agree nor disagree,Neither agree nor disagree,Neither agree nor disagree,Challenging.,5,,blue,White
MC,Junior,Woman,White,21,Agree,Disagree,Strongly Disagree,Strongly Disagree,Agree,harder,Neither agree nor disagree,Neither agree nor disagree,Neither agree nor disagree,Neither agree nor disagree,Neither agree nor disagree,Neither agree nor disagree,harder,6,driving did not go well .,,White
RPI,Sophomore,Man,Asian,19,Strongly agree,Somewhat disagree,Strongly Disagree,Strongly Disagree,Strongly agree,"My mental is like gone, I dont feel I am getting the most of what I can be learning.",Strongly Disagree,Somewhat agree,Disagree,Neither agree nor disagree,Neither agree nor disagree,Somewhat agree,It made me understand CPTs better.,8,,,Asian
RPI,Sophomore,Man,White,19,Disagree,Neither agree nor disagree,Somewhat disagree,Somewhat disagree,Neither agree nor disagree,i like in person classes better,Neither agree nor disagree,Neither agree nor disagree,Somewhat disagree,Somewhat agree,Neither agree nor disagree,Somewhat disagree,i thought it was cool and different,8,,blue,White
RPI,Sophomore,Man,White,20,,,,,,,,,,,,,,,,,White
RPI,Sophomore,Woman,Asian,,Agree,Somewhat disagree,Disagree,Somewhat disagree,Agree,"I get distracted easily, so with the crisis I've been completing the assignments last minute. ",Somewhat disagree,Neither agree nor disagree,Disagree,Somewhat agree,Somewhat disagree,Somewhat disagree,"It helped me understand the how the tests done in the geotechnical engineering field, as it was more difficult to understand since the start of  remote learning ",9,,blue,Asian
RPI,Sophomore,Woman,Asian,19,Somewhat agree,Strongly agree,Strongly agree,Strongly agree,Strongly agree,It was difficult understanding materials without the interactive labs,Strongly Disagree,Strongly agree,Strongly Disagree,Neither agree nor disagree,Neither agree nor disagree,Strongly agree,It felt like a lab and helped me understand the concepts,10,,green,Asian
NYU,Junior,Man,Black or African American,21,Somewhat agree,Somewhat agree,Somewhat agree,Agree,Somewhat disagree,"It's just hard to focus during lectures at times as I can hear everything going on in my house.  Also, not being in a classroom and just watching lectures through a screen makes it hard to focus the whole time.",Strongly Disagree,Neither agree nor disagree,Disagree,Somewhat agree,Somewhat disagree,Somewhat agree,"I would say that my experience using the VE wasn't really affected by the COVID-19 crisis.  The VE was very simple to use and the missions were easy to complete, so I feel like it's unrelated to the COVID-19 crisis.",8,"The game is kind of buggy at times.  Like I did the preparation for test and then after collecting the data, the prepartion changed to a 0/20 or 0/15.  Also, sometimes the phone came up when I wasn't right-clicking.",red,Black or African American
MC,Junior,Woman,"Asian,Black or African American,Hispanic, Latino or Spanish Origin",20,,,,,,,,,,,,,,,,,Multi
RPI,Sophomore,Woman,Asian,19,Somewhat agree,Neither agree nor disagree,Somewhat disagree,Neither agree nor disagree,Somewhat agree,"I'm overall less motivated to work due to being in a home environment, instead of a school environment where I'm surrounded by peers working on courses similar to mine. ",Neither agree nor disagree,Somewhat agree,Disagree,Somewhat agree,Somewhat agree,Strongly agree,The VE was a wonderful tool to explore and learn from as I navigated it. I would love to see more sites and even the chance to just explore the environment. It was a pleasant chance to change up my typical lecture learning experience. I hope that more VE's can be developed for other different civil engineering courses.,10,"I hope that more sites and more different types of field testing could be added to the VE so that students could learn even more from the VE. Although my first attempts at the VE were not high scoring, I was still motivated to try again to do well (for other students, I might suggest adding some sort of incentive to motivate them to shoot for better scores). ",black,Asian
RPI,Sophomore,Man,White,,Neither agree nor disagree,Agree,Somewhat disagree,Somewhat disagree,Somewhat agree,I've been less motivated so I feel like I have't been as invested in my learning as I should be.,Somewhat disagree,Disagree,Somewhat disagree,Agree,Disagree,Agree,I thought it was a fun exercise because it was so different that what we usually do.,8,,red,White
CSUF,Junior,Man,"Hispanic, Latino or Spanish Origin",20,,,,,,,,,,,,,,8,NA,,"Hispanic, Latino or Spanish Origin"
MC,Junior,Man,"Hispanic, Latino or Spanish Origin",20,,,,,,,,,,,,,,,,,"Hispanic, Latino or Spanish Origin"
CSUF,Junior,Man,"Hispanic, Latino or Spanish Origin",20,,,,,,,,,,,,,,,,,"Hispanic, Latino or Spanish Origin"
CSUF,Junior,Man,Middle Eastern or North African,26,Agree,Neither agree nor disagree,Disagree,Somewhat disagree,Somewhat agree,COVID-19 has affected the way that I usually learn through.,Neither agree nor disagree,Somewhat agree,Neither agree nor disagree,Strongly agree,Strongly agree,Strongly agree,Playing in the VE felt like an escape from the current situation. ,8,,black,Middle Eastern or North African
CSUF,Junior,Woman,"Hispanic, Latino or Spanish Origin",20,,,,,,,,,,,,,,7,,,"Hispanic, Latino or Spanish Origin"
JSU,Senior,Man,Black or African American,21,,,,,,,,,,,,,,,,,Black or African American
NYU,Junior,Man,"Hispanic, Latino or Spanish Origin,White",21,Agree,Somewhat disagree,Somewhat agree,Somewhat disagree,Somewhat agree,It is harder to learn from home,Disagree,Somewhat agree,Disagree,Neither agree nor disagree,Agree,Strongly agree,It was a fun break from zoom,8,,black,"Hispanic, Latino or Spanish Origin,White"
RPI,Sophomore,Man,White,20,Agree,Neither agree nor disagree,Somewhat disagree,Somewhat disagree,Disagree,"I really like having in person instruction because I think it makes it much easier to stay accountable and on a routine.  However, Dr. Bennet has very clearly worked tirelessly to ensure that our education remains top notch.  SOme impacts on learning an't really be mitigated, but the ones that can absolutly have been.",Disagree,Agree,Strongly Disagree,Strongly agree,Strongly agree,Agree,"It is hard to make a physical connection to what you learn in class without labs.  However, this game was excellent in the regard that it made it very easy and fun to take something that we learned in class and see firsthand how it translates to what engineers actually do.",10,,black,White
NYU,Junior,Woman,Black or African American,20,Somewhat agree,Neither agree nor disagree,Agree,Agree,Agree,limited any experience I could have potentially experienced conducted the lab myself.,Agree,Somewhat agree,Agree,Agree,Somewhat agree,Agree,It helped me put everything into perspective and find a new way of learning.,7,,green,Black or African American
MC,Junior,Man,White,22,Strongly agree,Strongly Disagree,Strongly Disagree,Strongly Disagree,Strongly agree,You cannot learn Engineering online.,Strongly Disagree,Neither agree nor disagree,Neither agree nor disagree,Neither agree nor disagree,Neither agree nor disagree,Somewhat agree,It was good. it was just like a real experiment ,7,,,White
RPI,Sophomore,Woman,"Hispanic, Latino or Spanish Origin,White",19,Somewhat agree,Disagree,Somewhat disagree,Agree,Somewhat agree,"Having recorded lectures allows me to use my time more effectively because I can go through them at my own pace, which tends to be faster than the in class experience. However, not being able to have labs has made it very difficult to understand some of the testing procedures and be able to write reports on them. My motivation for all my classes has decreased as it is difficult to work from home. ",Disagree,Neither agree nor disagree,Somewhat agree,Agree,Agree,Somewhat agree,"I think the VE was very helpful in understanding the CPT better. The instructions were a little unclear and not a lot of feedback was given as to what I had done incorrectly. However, I retried the tests multiple times to figure it out and it was a fun break from my schoolwork. I felt I learned about the CPT, but in a more entertaining way then traditional learning experiences.",7,"I was a little unclear as to when to stop the test. It would have been nice to have some feedback about what I should be looking for other than ""you stopped the test too early"" or ""too late."" 
Overall the activity was helpful. I think it should be used more in the future even if there isn't a crisis going on.",black,"Hispanic, Latino or Spanish Origin,White"
RPI,Junior,Woman,South Asian,20,,,,,,,,,,,,,,,,,South Asian
RPI,Junior,Prefer not to answer,Prefer not answer,,Neither agree nor disagree,Neither agree nor disagree,Neither agree nor disagree,Neither agree nor disagree,Neither agree nor disagree,Harder to learn.,Neither agree nor disagree,Neither agree nor disagree,Neither agree nor disagree,Neither agree nor disagree,Neither agree nor disagree,Neither agree nor disagree,Harder to learn.,5,none,red,Prefer not answer
RPI,Junior,Woman,White,21,Agree,Disagree,Disagree,Disagree,Agree,"More difficult to concentrate at home, especially during test when there are multiple people home talking/moving around.",Disagree,Agree,Disagree,Agree,Somewhat agree,Agree,"Was easier to concentrate. Even though professor is a great lecturer, online videos are difficult to watch and stay concentrated on but the VE was interactive so it was easier to learn from.",9,,black,White
MC,Junior,Man,Prefer not answer,20,Agree,Neither agree nor disagree,Somewhat disagree,Neither agree nor disagree,Strongly agree,Labs such as these are most affected by not having a hands-on experience,Disagree,Agree,Disagree,Agree,Somewhat agree,Agree,An excellent addition that helps to add to the realism needed for a lab experience,10,Excellent program,black,Prefer not answer
MC,Junior,Man,White,20,Agree,Somewhat disagree,Somewhat agree,Neither agree nor disagree,Somewhat agree,No impact,Somewhat agree,Neither agree nor disagree,Somewhat agree,Somewhat disagree,Neither agree nor disagree,Neither agree nor disagree,Good supplement ,5,,red,White
CSUF,Junior,Woman,"Middle Eastern or North African,Some other race, ethnicity or origin, please specify:",21,Somewhat disagree,Agree,Agree,Agree,Disagree,"Personally, I do not think that the pandemic has hindered my learning in this course. I think it is still very possible for the nature of this course to be performed online and for us students to take away important information. It may be challenging for the instructor to teach us concepts from lab, but so far I am learning as much as I would in the classroom and lab. ",Somewhat disagree,Agree,Disagree,Somewhat agree,Agree,Strongly agree,This experience has been very interesting to me. The use of VE did not make me less interested in the course. I feel that I can somehow concentrate better this way. ,9,,green,Multi
CSUF,Senior,Woman,"Asian,Some other race, ethnicity or origin, please specify:",22,,,,,,,,,,,,,,10,,,Multi
MC,Junior,Woman,American Indian or Alaska Native,21,Somewhat agree,Neither agree nor disagree,Disagree,Disagree,Strongly agree,Its very hard to gain motivation to do anything anymore,Neither agree nor disagree,Somewhat agree,Neither agree nor disagree,Agree,Agree,Agree,It was a good getaway ,9,,black,American Indian or Alaska Native
MC,Junior,Man,"Hispanic, Latino or Spanish Origin,White",21,Agree,Neither agree nor disagree,Somewhat agree,Somewhat agree,Disagree,"It hasn't impacted this course because everything mostly stayed the same with labs and assignments, although there are more distractions considering the conditions of the epidemic.  ",Disagree,Somewhat agree,Disagree,Agree,Somewhat agree,Somewhat agree,It was fun and informative giving something different as an assignment,9,,black,"Hispanic, Latino or Spanish Origin,White"
MC,Junior,Man,Middle Eastern or North African,25,,,,,,,,,,,,,,,,,Middle Eastern or North African
MC,Junior,Prefer not to answer,"Asian,Prefer not answer",,Strongly agree,Strongly Disagree,Neither agree nor disagree,Neither agree nor disagree,Neither agree nor disagree,study virtually is difficult especially with bad internet,Neither agree nor disagree,Neither agree nor disagree,Neither agree nor disagree,Neither agree nor disagree,Neither agree nor disagree,Neither agree nor disagree,i don't know what you meant,9,,,"Asian,Prefer not answer"
RPI,Sophomore,Woman,White,20,Strongly agree,Strongly Disagree,Disagree,Strongly Disagree,Strongly agree,Not having a quiet study space as well as not having face-to-face interactions with professors and TA's has negatively impacted my performance in this course and decreased my motivation to preform well. ,Somewhat disagree,Somewhat agree,Disagree,Agree,Agree,Agree,I enjoyed using the VE,8,I thought the game could've included more instructions or the lecture could've included more directions. It was a little frustrating to have to do the CPT 3 or 4 times on the first site because I couldn't figure out all the steps to the prep and the CPT. Other than that I thought it was very fun and a good escape from the normal school work.,,White
MC,Junior,Woman,"Hispanic, Latino or Spanish Origin",20,Somewhat agree,Somewhat disagree,Somewhat disagree,Somewhat agree,Somewhat disagree,Mental health somewhat worsening making it difficult to participate in class as well as I did in a physical classroom,Disagree,Somewhat agree,Somewhat agree,Somewhat agree,Somewhat agree,Neither agree nor disagree,It has definitely helped learn topics in a different perspective/way untraditional to what we are doing currently,7,,black,"Hispanic, Latino or Spanish Origin"
NYU,Senior,Man,"Some other race, ethnicity or origin, please specify:",22,Somewhat agree,Somewhat agree,Somewhat disagree,Neither agree nor disagree,Neither agree nor disagree,It made it harder to focus on lecture as there is too much involvment with computers.  | POST2: It is harder to concentrate sometimes. The time can be more effectively used sometimes because of no need for transportation.,Neither agree nor disagree,Somewhat disagree,Disagree,Strongly Disagree,Disagree,Agree,It was an interesting and valuable experience. | POST2: It was an interesting experience that can be further implemented in courses at universities.,8,Thank you for the effort to create the VE experience.,,"Some other race, ethnicity or origin, please specify:"
RPI,Sophomore,Woman,White,19,Neither agree nor disagree,Neither agree nor disagree,Neither agree nor disagree,Neither agree nor disagree,Neither agree nor disagree,"sucks, ",Somewhat disagree,Somewhat agree,Somewhat agree,Neither agree nor disagree,Neither agree nor disagree,Somewhat disagree,it was good,6,more clear questions asking if we know what were doing,red,White
CSUF,Senior,Prefer not to answer,"Hispanic, Latino or Spanish Origin",,,,,,,,,,,,,,,,,,"Hispanic, Latino or Spanish Origin"
RPI,Sophomore,Man,Black or African American,20,Somewhat agree,Disagree,Somewhat disagree,Strongly Disagree,Strongly agree,The average american student spends twelve years learning in a classroom. When that phase is done they learn how to apply it to a college setting through their own experience. I personally dispise having classes be online and would much rather be in person. It is much harder to focus while being at home and it was much harder to manage my course work.,Neither agree nor disagree,Somewhat agree,Neither agree nor disagree,Somewhat agree,Somewhat agree,Agree,The VE was a good change. It's hard to trully evaluate as it I felt a need to just get it done. If there were more assignments like this I think I would be more receptive to it.,6,,,Black or African American
RPI,Sophomore,Man,White,20,Somewhat agree,Disagree,Neither agree nor disagree,Strongly Disagree,Somewhat agree,I am not as well suited to online classes as I am to in person lectures,Somewhat disagree,Somewhat disagree,Somewhat disagree,Disagree,Somewhat disagree,Somewhat agree,It was a helpful addition,7,I do not have any additional comments,,White
CSUF,Senior,Man,Asian,31,,,,,,,,,,,,,,9,,,Asian
NYU,Junior,Woman,Asian,20,Somewhat agree,Somewhat agree,Somewhat disagree,Somewhat disagree,Somewhat agree,"I really wish that we could do the labs in person and meet with professors physically in class. When I am physically present (in both lab and lecture), I feel that I am more engaged in everything, enhancing my understanding of the overall subject area.",Somewhat disagree,Somewhat agree,Somewhat disagree,Somewhat agree,Somewhat agree,Somewhat agree,"I think irrespective of the crisis, I would have had the same takeaways from the VE. However, I do wish that more of my classes used VE since through VE, I was able to be more engaged.",8,I think the activity is a very fun and engaging way to learn about CPT. I wish that more of my other labs (because of COVID-19) had similar simulations so that I could have more takeaways.,black,Asian
RPI,Sophomore,Woman,White,19,,,,,,,,,,,,,,,,,White
RPI,Sophomore,Woman,"Hispanic, Latino or Spanish Origin",19,Strongly agree,Strongly Disagree,Disagree,Disagree,Disagree,it is so much more difficult to study engineering remotely just because engineering is so hands on.,Somewhat agree,Disagree,Somewhat disagree,Strongly Disagree,Strongly Disagree,Strongly Disagree,I feel like VE made things more stressful for me in completing the course,5,Seemed unnecessary. ,,"Hispanic, Latino or Spanish Origin"
RPI,Junior,Man,Asian,21,Neither agree nor disagree,Neither agree nor disagree,Neither agree nor disagree,Neither agree nor disagree,Neither agree nor disagree,I miss in-person teaching in the classroom,Neither agree nor disagree,Neither agree nor disagree,Neither agree nor disagree,Neither agree nor disagree,Neither agree nor disagree,Neither agree nor disagree,Nice,8,Nope,red,Asian
CSUF,Senior,Woman,Middle Eastern or North African,22,Agree,Disagree,Disagree,Disagree,Agree,stressful and new format ,Somewhat agree,Neither agree nor disagree,Strongly Disagree,Somewhat agree,Somewhat agree,Somewhat agree,it was new. ,8,,black,Middle Eastern or North African
CSUF,Junior,Woman,Middle Eastern or North African,20,Strongly agree,Strongly Disagree,Strongly Disagree,Strongly Disagree,Strongly agree,not being able to physically conduct a lab negatively affects how i learn the techniques and methods needed to be successful in this course and beyond.,Neither agree nor disagree,Neither agree nor disagree,Neither agree nor disagree,Neither agree nor disagree,Neither agree nor disagree,Neither agree nor disagree,i was not able to play,5,,,Middle Eastern or North African
RPI,Sophomore,Woman,"Hispanic, Latino or Spanish Origin",20,Strongly Disagree,Neither agree nor disagree,Somewhat agree,Somewhat disagree,Neither agree nor disagree,has not,Strongly Disagree,Neither agree nor disagree,Strongly Disagree,Somewhat agree,Neither agree nor disagree,Somewhat agree,okay,10,,red,"Hispanic, Latino or Spanish Origin"
CSUF,Senior,Woman,Middle Eastern or North African,25,,,,,,,,,,,,,,,,,Middle Eastern or North African
RPI,Junior,Man,"American Indian or Alaska Native,White",20,Strongly agree,Disagree,Strongly agree,Strongly agree,Neither agree nor disagree,I spend a small magnitude of time on assignments. However I am genuinely doing very well on all my work. Perhaps in the at home environment I am more efficent with work. Perhaps its because I no longer have so many time commitments to distract me. However I do not find much if any satisfaction in my online education.,Neither agree nor disagree,Neither agree nor disagree,Neither agree nor disagree,Somewhat agree,Somewhat agree,Agree,unsure,8,see earlier comment,green,"American Indian or Alaska Native,White"
MC,Junior,Man,White,20,Strongly agree,Strongly Disagree,Strongly Disagree,Strongly Disagree,Strongly agree,"My previous answers highlight the difficulty of learning with the crisis going on. We cannot physically do the lab so we just watch videos, in my case I just watch the videos beforehand and get nothing out of them. I am not learning anything from this course, let along my entire courseload.",Disagree,Somewhat agree,Agree,Agree,Somewhat agree,Strongly agree,"It was a fun little game, I enjoyed it. I have not been able to play video games for a while as I have been trying to figure out how to focus at home. The game was a different experience, for sure and I enjoyed the attempt at gaming for learning. The game being on unity was annoying, as unity is burdensome on my RAM but it was a fun little distraction. ",6,"I personally do not think any of my older professors would use this for learning as they do not like technology. If these games were already made for some of my younger professors they would be useful, but for professors to actually make their own games I do not see that happening.",,White
MC,Junior,Man,Prefer not answer,,,,,,,,,,,,,,,,,,Prefer not answer
CSUF,Junior,Man,Asian,22,,,,,,,,,,,,,,,,,Asian
MC,Junior,Man,Prefer not answer,20,Somewhat disagree,Somewhat agree,Neither agree nor disagree,Somewhat agree,Neither agree nor disagree,Online is a bit tougher to learn for all engineering class.,Somewhat agree,Somewhat disagree,Somewhat agree,Neither agree nor disagree,Neither agree nor disagree,Neither agree nor disagree,It helped to add real life experience,6,,red,Prefer not answer
RPI,Junior,Man,White,21,,,,,,,,,,,,,,,,,White
CSUF,Senior,,,,Agree,Agree,Agree,Agree,Agree,No hands on testing,Agree,Agree,Agree,Agree,Agree,Agree,it was interesting,10,,green,
NYU,Senior,Man,White,22,Strongly agree,Somewhat disagree,Somewhat disagree,Neither agree nor disagree,Agree,I really enjoyed being in the classroom and in a learning environment.,Somewhat disagree,Somewhat agree,Somewhat disagree,Somewhat agree,Agree,Agree,I really enjoyed the VE because it has been the only form of learning outside of ZOOM. ,8,NA.,black,White
MC,Junior,Man,Prefer not answer,,Strongly agree,Somewhat disagree,Disagree,Somewhat disagree,Neither agree nor disagree,Online classes make it much more difficult to learn and concentrate.,Disagree,Neither agree nor disagree,Disagree,Agree,Somewhat disagree,Agree,It felt like a video Game,8,,black,Prefer not answer
CSUF,Junior,Man,"Asian,White",21,,,,,,,,,,,,,,10,"Was a bit difficult to learn how to operate the software, but after you figure it out, the games perfect! Graphics are awesome, and the interactivity is amazing!",,"Asian,White"
CSUF,Senior,Woman,Middle Eastern or North African,22,Agree,Agree,Agree,Agree,Agree,it is hard for me to see the experiment online not to do it with a group,Somewhat agree,Somewhat agree,Somewhat agree,Somewhat agree,Somewhat agree,Somewhat agree,-,7,none,green,Middle Eastern or North African
CSUF,Junior,Man,Prefer not answer,21,Somewhat agree,Neither agree nor disagree,Neither agree nor disagree,Somewhat agree,Neither agree nor disagree,Let me focus more on how to deal with online tasks.,Neither agree nor disagree,Somewhat agree,Somewhat agree,Somewhat agree,Agree,Somewhat agree,Felt great because it helped me escape the crisis.,7,I had a wonderful experience about the activity.,black,Prefer not answer
RPI,Sophomore,Man,White,20,Strongly Disagree,Neither agree nor disagree,Somewhat agree,Somewhat disagree,Agree,Does not feel the same and it is hard to dedicate time at home to do work.,Strongly Disagree,Neither agree nor disagree,Strongly Disagree,Disagree,Somewhat agree,Strongly agree,Great way to learn and had fun doing it.,8,,red,White
RPI,Senior,Man,White,42,Somewhat agree,Somewhat disagree,Disagree,Somewhat agree,Agree,I am a hands on learner and require to be in the field or performing the tasks to really understand what I am doing.,Disagree,Somewhat disagree,Somewhat disagree,Agree,Strongly Disagree,Somewhat agree,"Nothing really has changed for me with the exception of being online, so adding more online instructions or methods is frustrating.",6,,,White
NYU,Junior,Woman,"Hispanic, Latino or Spanish Origin,White",21,Strongly agree,Strongly Disagree,Strongly Disagree,Strongly Disagree,Strongly agree,I haven't been depressed since middle/high school and it came back because I live alone and can't see anyone. I have no interest in anything at all anymore.,Strongly agree,Neither agree nor disagree,Disagree,Strongly Disagree,Strongly Disagree,Neither agree nor disagree,"It's a good tool, but I think it can also be useful when doing in person classes too because 1) it forces students to pay attention on an individual level 2) labs cannot re-create the feeling of actually being there on site",6,"I wish the game was better developed because it can be a little frustrating to work with. Some improvements could be that on the first screen you can exit from there without having to log in first, make the truck easier to drive, allow for the music volume to be adjusted, and allowing us to re-read texts/messages we got through the phone ",,"Hispanic, Latino or Spanish Origin,White"
CSUF,Junior,Man,"Hispanic, Latino or Spanish Origin",21,,,,,,,,,,,,,,9,It was a little bugged on the CPT test when you clean the cone it would still say that the cone wasn't cleaned at the end.,,"Hispanic, Latino or Spanish Origin"
CSUF,Senior,Man,Middle Eastern or North African,23,Strongly agree,Strongly Disagree,Disagree,Disagree,Strongly agree,it impacted it a lot since I'm not able to witness the lab work in real life and interact physically in the lab activities. the geoexplorer does help us to understand but it still different than doing the lab with our own hands. ,Disagree,Somewhat agree,Neither agree nor disagree,Somewhat agree,Somewhat agree,Somewhat agree,the VE is a good learning experience and it is really helpful because it helps you understand what is actually happening and visualize it!,7,I could'nt download the VE on my macbook so I had to watch the video sent by my professor and use her data to do the lab report. ,,Middle Eastern or North African
CSUF,,,,,,,,,,,,,,,,,,9,did not give it a 10 just because of the glitches.,,
RPI,,,,,Agree,Neither agree nor disagree,Neither agree nor disagree,Neither agree nor disagree,Agree,can not do the lab in real life,Somewhat agree,Somewhat agree,Somewhat agree,Somewhat agree,Somewhat agree,Somewhat agree,its ok as a secondary choice of current circumstance,6,,black,
RPI,,,,,Agree,Neither agree nor disagree,Somewhat disagree,Neither agree nor disagree,Neither agree nor disagree,Made it tougher to visualize concepts.,Neither agree nor disagree,Somewhat agree,Somewhat disagree,Agree,Agree,Agree,It was a good median between an actual lab and just reading from a textbook.,9,,black,
RPI,Sophomore,Woman,Asian,19,Agree,Somewhat disagree,Neither agree nor disagree,Neither agree nor disagree,Neither agree nor disagree,It has made  it hard. All I do is school work. ,Somewhat disagree,Neither agree nor disagree,Somewhat disagree,Neither agree nor disagree,Neither agree nor disagree,Neither agree nor disagree,It was kinda fun.,7,,red,Asian
CSUF,Junior,Man,"Hispanic, Latino or Spanish Origin",22,,,,,,,,,,,,,,10,Great form of learning.,,"Hispanic, Latino or Spanish Origin"
MC,Junior,Man,"Hispanic, Latino or Spanish Origin",20,Somewhat agree,Neither agree nor disagree,Neither agree nor disagree,Somewhat disagree,Neither agree nor disagree,I prefer to take my classes in person and i miss the whole experience of being at school.,Disagree,Disagree,Disagree,Neither agree nor disagree,Disagree,Neither agree nor disagree,The VE didnt really effect my learning experience during COVID-19,8,I enjoyed my experience using this.,red,"Hispanic, Latino or Spanish Origin"
NYU,Senior,Man,Asian,21,Agree,Neither agree nor disagree,Disagree,Somewhat disagree,Agree,It is harder to pay attention when taking part in a lecture through a computer.,Disagree,Somewhat disagree,Strongly Disagree,Somewhat agree,Strongly Disagree,Strongly agree,It makes it easier to remember the requirements regarding when to stop the CPT test.,8,N/A,,Asian
RPI,Junior,Man,White,21,Agree,Agree,Agree,Agree,Agree,Was harder to focus,Agree,Neither agree nor disagree,Neither agree nor disagree,Neither agree nor disagree,Neither agree nor disagree,Neither agree nor disagree,Was a nice experience that stood out to me,7,Was great,red,White
RPI,Sophomore,Woman,White,19,,,,,,,,,,,,,,,,,White
NYU,Junior,Man,Asian,21,Agree,Neither agree nor disagree,Somewhat agree,Somewhat agree,Somewhat agree,Lab could not be done in person ,Somewhat disagree,Neither agree nor disagree,Disagree,Disagree,Disagree,Agree,My house has too many people,9,Few bugs with the preparation of test,red,Asian
CSUF,Senior,Man,Asian,22,,,,,,,,,,,,,,4,,,Asian
RPI,Sophomore,Woman,White,20,Agree,Agree,Agree,Agree,Agree,I spend too much time on academics now that I have no extra curricular activities. ,Somewhat agree,Somewhat agree,Somewhat agree,Somewhat agree,Somewhat agree,Somewhat agree,I enjoyed the game more than any other assignment I've had. ,10,,green,White
RPI,Junior,Man,White,21,,,,,,,,,,,,,,,,,White
MC,Junior,Man,White,20,Somewhat agree,Somewhat agree,Neither agree nor disagree,Neither agree nor disagree,Neither agree nor disagree,na,Neither agree nor disagree,Neither agree nor disagree,Neither agree nor disagree,Neither agree nor disagree,Neither agree nor disagree,Neither agree nor disagree,na,5,The software crashed twice and was glitching. It was informative but overdone.,red,White
NYU,Junior,Woman,Asian,21,Strongly agree,Strongly Disagree,Strongly Disagree,Strongly Disagree,Strongly agree,"It has made it so much harder to learn, but this VE was very helpful.",Strongly Disagree,Strongly agree,Strongly Disagree,Strongly agree,Strongly agree,Strongly agree,It was really helpful,10,none.,,Asian
CSUF,Junior,Woman,"Hispanic, Latino or Spanish Origin",21,Strongly agree,Disagree,Neither agree nor disagree,Disagree,Agree,I'm more of a hands on learner so this has been slightly hard for me to focus on. ,Agree,Neither agree nor disagree,Disagree,Neither agree nor disagree,Neither agree nor disagree,Neither agree nor disagree,"It was a fun experience, but not how I would prefer learning",10,,blue,"Hispanic, Latino or Spanish Origin"
RPI,Sophomore,Man,White,19,Neither agree nor disagree,Neither agree nor disagree,Neither agree nor disagree,Neither agree nor disagree,Neither agree nor disagree,Harder,Neither agree nor disagree,Neither agree nor disagree,Neither agree nor disagree,Neither agree nor disagree,Neither agree nor disagree,Neither agree nor disagree,Harder,3,The activity was annoying,red,White
RPI,Junior,Man,"Hispanic, Latino or Spanish Origin",21,,,,,,,,,,,,,,,,,"Hispanic, Latino or Spanish Origin"
NYU,Junior,Woman,Black or African American,21,Agree,Neither agree nor disagree,Strongly Disagree,Disagree,Somewhat agree,"Because I now have to take classes from home, there are many distractions, and it has been harder for me to manage my time well given time differences. I have therefore been affected academically due to this pandemic. ",Neither agree nor disagree,Neither agree nor disagree,Disagree,Neither agree nor disagree,Strongly Disagree,Neither agree nor disagree,It felt like a fun video game and made the class more fun and engaging. ,8,,,Black or African American
CSUF,Senior,Man,"Hispanic, Latino or Spanish Origin",21,Neither agree nor disagree,Neither agree nor disagree,Somewhat disagree,Somewhat disagree,Somewhat agree,In person Interaction gives a better learning experience.,Neither agree nor disagree,Neither agree nor disagree,Neither agree nor disagree,Somewhat agree,Somewhat agree,Neither agree nor disagree,It was ok.,7,N/A,black,"Hispanic, Latino or Spanish Origin"
NYU,Junior,Man,Asian,20,Agree,Disagree,Disagree,Disagree,Strongly agree,In person lectures help me learn more. Online class was harder to follow and inefficient for students to learn and for professors to teach. Also lab sessions are canceled.,Disagree,Disagree,Disagree,Agree,Disagree,Agree,"It was fun and interactive and I learnt a lot. The lecture was more informative for sure, but the VE helped me apply what I learnt from the lecture.",10,,blue,Asian
RPI,Junior,Man,Asian,21,Somewhat disagree,Neither agree nor disagree,Agree,Agree,Somewhat disagree,"It does not impact me very much, I am still able to learn the material as I was in person.",Disagree,Neither agree nor disagree,Disagree,Neither agree nor disagree,Neither agree nor disagree,Somewhat agree,I was able to enjoy the VE and learn to apply course material through it,8,,red,Asian
NYU,Junior,Man,Asian,21,Somewhat disagree,Somewhat disagree,Neither agree nor disagree,Neither agree nor disagree,Somewhat agree,"COVID-19 removed the joy of the classroom, where I am surrounded by friends and classmates who are all actively learning. Their pursuit makes me a better student, however, online there is less joy because of the lack of physical contact.",Disagree,Agree,Disagree,Strongly agree,Strongly agree,Strongly agree,"The VE could have been better if other students can be in the game together, multiplayer. In a time like this, it would provide some relief from the isolation everyone is facing. ",10,"The activity was fun and helped me learn the procedure of a CPT at great depth. I learned enough during the lecture, but the information was monotonous. The game was satisying because I know I learned and had a little fun while doing it. ",black,Asian
CSUF,Junior,Man,Native Hawaiian or Other Pacific Islander,23,Strongly Disagree,Strongly agree,Agree,Neither agree nor disagree,Neither agree nor disagree,It increased my workload in other areas of my life which took away from the time for studying and homework.,Strongly Disagree,Strongly agree,Strongly Disagree,Strongly agree,Strongly agree,Strongly agree,It is exciting. Extremely visual. It is very hands on and informative. It could be more elaborate and have advanced options.,10,,green,Native Hawaiian or Other Pacific Islander
NYU,Junior,Woman,Middle Eastern or North African,21,Somewhat disagree,Agree,Agree,Agree,Agree,I am still able to learn well and complete my assignments and labs.,Somewhat disagree,Agree,Somewhat disagree,Somewhat disagree,Neither agree nor disagree,Agree,It made me realize that even though things are not in person there's always a way to learn,6,,red,Middle Eastern or North African
RPI,Sophomore,Woman,White,20,Agree,Somewhat disagree,Somewhat agree,Neither agree nor disagree,Somewhat agree,"I feel less motivated to do work, but am still doing it at the last moment",Neither agree nor disagree,Somewhat agree,Somewhat agree,Somewhat agree,Agree,Somewhat agree,Playing was an escape from family and current crisis,7,,black,White
RPI,Junior,Man,White,19,Agree,Strongly Disagree,Strongly agree,Disagree,Strongly agree,I won't learn anything - but at least I'll get straight A's.,Disagree,Somewhat disagree,Disagree,Strongly Disagree,Strongly Disagree,Strongly Disagree,"I do not believe the use of the VE was at all impactful. I say this because I personally play videogames for enjoyment, and would prefer to keep my hobbies and my work separate. It messes with me to be REQUIRED to play a videogame - that totally isn't the point. I'd learn more from a lecture AND it would be easier for educators to prepare a slideshow than a videogame.",4,If I were to say anything else I'd just be repeating myself.,,White
RPI,Sophomore,Woman,Asian,19,,,,,,,,,,,,,,,,,Asian
RPI,Sophomore,Woman,Asian,20,Somewhat disagree,Agree,Agree,Neither agree nor disagree,Strongly agree,There is a lack of motivation given the situation. ,Disagree,Disagree,Disagree,Somewhat agree,Somewhat agree,Somewhat agree,"Especially with the labs we do now, they are just manuals we read over and rewrite. I learn a very surface level material of the lab is. ",7,,red,Asian
RPI,Graduate Student,Man,Asian,26,,,,,,,,,,,,,,,,,Asian
RPI,Junior,Man,"Hispanic, Latino or Spanish Origin",20,Agree,Strongly agree,Neither agree nor disagree,Somewhat agree,Agree,It is been a little difficult to concentrate.,Disagree,Agree,Disagree,Agree,Agree,Agree,"I was able to perform a lab testing during, something that I could have not because ofthe COVID-19 crisis.",9,GeoExplorer game could better the graphics.,black,"Hispanic, Latino or Spanish Origin"